{"cameraMode":{"drawMode":0,"name":"Shaded","section":"Shading Mode"},"sceneLighting":true,"audioPlay":false,"sceneViewState":{"m_AlwaysRefresh":false,"showFog":true,"showSkybox":true,"showFlares":true,"showImageEffects":true,"showParticleSystems":true,"showVisualEffectGraphs":true,"m_FxEnabled":true},"in2DMode":false,"pivot":{"x":-68.39643096923828,"y":10.526286125183106,"z":-173.79049682617188},"rotation":{"x":-0.022640688344836236,"y":0.9549330472946167,"z":-0.2863256335258484,"w":-0.07548100501298905},"size":0.03397788479924202,"orthographic":false}