{"count":1,"self":17.010664,"total":263.26759699999997,"children":{"InitializeActuators":{"count":645,"self":0.005456,"total":0.005456,"children":null},"InitializeSensors":{"count":645,"self":0.012428,"total":0.012428,"children":null},"AgentSendState":{"count":239617,"self":12.8513728,"total":16.940186999999998,"children":{"CollectObservations":{"count":287544,"self":0.102966,"total":0.102966,"children":null},"WriteActionMask":{"count":287544,"self":0.089164,"total":0.089164,"children":null},"RequestDecision":{"count":287544,"self":0.715129,"total":3.896684,"children":{"RayPerceptionSensor.Perceive":{"count":95848,"self":0.08466499999999999,"total":0.08466499999999999,"children":null},"AgentInfo.ToProto":{"count":191696,"self":0.24083,"total":3.0968899999999997,"children":{"GenerateSensorData":{"count":191696,"self":2.655004,"total":2.85606,"children":{"RayPerceptionSensor.Perceive":{"count":191696,"self":0.20105599999999998,"total":0.20105599999999998,"children":null}}}}}}}}},"DecideAction":{"count":239617,"self":228.393984,"total":228.393985,"children":null},"AgentAct":{"count":239617,"self":0.882864,"total":0.883334,"children":{"RayPerceptionSensor.Perceive":{"count":19,"self":1.8E-05,"total":1.8E-05,"children":null},"AgentInfo.ToProto":{"count":38,"self":4.9E-05,"total":0.000452,"children":{"GenerateSensorData":{"count":38,"self":0.00036199999999999996,"total":0.000403,"children":{"RayPerceptionSensor.Perceive":{"count":38,"self":4.1E-05,"total":4.1E-05,"children":null}}}}}}},"RayPerceptionSensor.Perceive":{"count":639,"self":0.00069799999999999994,"total":0.00069799999999999994,"children":null},"AgentInfo.ToProto":{"count":1276,"self":0.00246,"total":0.019726,"children":{"GenerateSensorData":{"count":1276,"self":0.015896999999999998,"total":0.017266,"children":{"RayPerceptionSensor.Perceive":{"count":1276,"self":0.001369,"total":0.001369,"children":null}}}}}},"gauges":{"PreyBehaviour.CumulativeReward":{"count":658,"max":1.00005352,"min":-1,"runningAverage":-0.8983564,"value":-0.9867,"weightedAverage":-0.979395151},"PredatorBehaviour2.CumulativeReward":{"count":657,"max":0.9867,"min":-1.00005352,"runningAverage":0.4537575,"value":0.9867,"weightedAverage":0.782919466},"PredatorBehaviour1.CumulativeReward":{"count":657,"max":0.9897,"min":-1.00005352,"runningAverage":0.8297089,"value":0.9867,"weightedAverage":0.9543669}},"metadata":{"timer_format_version":"0.1.0","start_time_seconds":"1746552772","unity_version":"6000.1.1f1","command_line_arguments":"\/Users\/jnsffrt\/epfl\/ma2\/cs503-visual-intelligence\/marl-ssd-3d\/Predator-Prey\/train_new.app\/Contents\/MacOS\/Predator-Prey -nographics -batchmode --mlagents-port 5005 -logFile \/Users\/jnsffrt\/epfl\/ma2\/cs503-visual-intelligence\/marl-ssd-3d\/Predator-Prey\/results\/train_new\/run_logs\/Player-0.log","communication_protocol_version":"1.5.0","com.unity.ml-agents_version":"3.0.0","scene_name":"train_new","end_time_seconds":"1746553035"}}