{"cameraMode":{"drawMode":0,"name":"Shaded","section":"Shading Mode"},"sceneLighting":false,"audioPlay":false,"sceneViewState":{"m_AlwaysRefresh":false,"showFog":true,"showSkybox":false,"showFlares":true,"showImageEffects":true,"showParticleSystems":true,"showVisualEffectGraphs":true,"m_FxEnabled":true},"in2DMode":false,"pivot":{"x":2.9802322387695315e-8,"y":0.5324362516403198,"z":0.10380542278289795},"rotation":{"x":-0.022640688344836236,"y":0.9549330472946167,"z":-0.2863256335258484,"w":-0.07548100501298905},"size":0.8794660568237305,"orthographic":false}