{"count":1,"self":2239.1672832,"total":17490.159148,"children":{"InitializeActuators":{"count":36635,"self":0.448937,"total":0.448937,"children":null},"InitializeSensors":{"count":36635,"self":0.330794,"total":0.330794,"children":null},"AgentSendState":{"count":12500222,"self":1085.455872,"total":1243.6887809999998,"children":{"CollectObservations":{"count":15000270,"self":9.2957128,"total":9.295713,"children":null},"WriteActionMask":{"count":15000270,"self":7.3587592,"total":7.358759,"children":null},"RequestDecision":{"count":15000270,"self":21.1196384,"total":141.57838999999998,"children":{"RayPerceptionSensor.Perceive":{"count":5000090,"self":7.2200944,"total":7.220094,"children":null},"AgentInfo.ToProto":{"count":10000180,"self":22.660926399999997,"total":113.238658,"children":{"GenerateSensorData":{"count":10000180,"self":73.237824,"total":90.577731,"children":{"RayPerceptionSensor.Perceive":{"count":10000180,"self":17.3399088,"total":17.339909,"children":null}}}}}}}}},"DecideAction":{"count":12500222,"self":13920.198655999999,"total":13920.19904,"children":null},"AgentAct":{"count":12500222,"self":85.278060799999992,"total":85.298600999999991,"children":{"RayPerceptionSensor.Perceive":{"count":811,"self":0.00133,"total":0.00133,"children":null},"AgentInfo.ToProto":{"count":1622,"self":0.004147,"total":0.019208,"children":{"GenerateSensorData":{"count":1622,"self":0.012076,"total":0.015061,"children":{"RayPerceptionSensor.Perceive":{"count":1622,"self":0.002985,"total":0.002985,"children":null}}}}}}},"RayPerceptionSensor.Perceive":{"count":36623,"self":0.118611,"total":0.118611,"children":null},"AgentInfo.ToProto":{"count":72840,"self":0.22109399999999998,"total":0.906256,"children":{"GenerateSensorData":{"count":72840,"self":0.554159,"total":0.68516199999999994,"children":{"RayPerceptionSensor.Perceive":{"count":72840,"self":0.13100299999999998,"total":0.13100299999999998,"children":null}}}}}},"gauges":{"PreyBehaviour.CumulativeReward":{"count":37434,"max":1.00005352,"min":-9.984479,"runningAverage":-2.862775,"value":-4.95509958,"weightedAverage":-3.645019},"PredatorBehaviour2.CumulativeReward":{"count":37231,"max":9.998598,"min":-1.00015354,"runningAverage":2.65057325,"value":4.95509958,"weightedAverage":3.558661},"PredatorBehaviour1.CumulativeReward":{"count":37231,"max":9.998598,"min":-1.00015354,"runningAverage":2.61146855,"value":4.95509958,"weightedAverage":3.40475655}},"metadata":{"timer_format_version":"0.1.0","start_time_seconds":"1746621459","unity_version":"6000.1.1f1","command_line_arguments":"\/Users\/andreamiele\/marl-ssd-3d\/Predator-Prey\/builds\/TrainingLocal\/train.app\/Contents\/MacOS\/Predator-Prey -nographics -batchmode --mlagents-port 5005 -logFile \/Users\/andreamiele\/marl-ssd-3d\/Predator-Prey\/results\/training_rad_12_tr_5\/run_logs\/Player-0.log","communication_protocol_version":"1.5.0","com.unity.ml-agents_version":"3.0.0","scene_name":"train_new","end_time_seconds":"1746638949"}}