{"count":1,"self":34280.164556799995,"total":37545.109775,"children":{"InitializeActuators":{"count":21,"self":0.0010969999999999999,"total":0.0010969999999999999,"children":null},"InitializeSensors":{"count":21,"self":0.001736,"total":0.001736,"children":null},"AgentSendState":{"count":280237,"self":13.471910399999999,"total":3235.9721299999997,"children":{"CollectObservations":{"count":1177008,"self":1.539882,"total":1.539882,"children":null},"WriteActionMask":{"count":1177008,"self":891.01987839999993,"total":891.019922,"children":null},"RequestDecision":{"count":1177008,"self":2329.9403776,"total":2329.940416,"children":null}}},"DecideAction":{"count":280237,"self":8.7263512,"total":8.726351,"children":null},"AgentAct":{"count":280237,"self":20.2425632,"total":20.242563999999998,"children":null}},"gauges":{"PredatorBehaviour.CumulativeReward":{"count":308,"max":-0.999953568,"min":-1.00005352,"runningAverage":-1.00004578,"value":-1.00005352,"weightedAverage":-1.00005341},"PreyBehaviour.CumulativeReward":{"count":280,"max":1.00005352,"min":0.999953568,"runningAverage":1.00004613,"value":1.00005352,"weightedAverage":1.00005341}},"metadata":{"timer_format_version":"0.1.0","start_time_seconds":"1746131586","unity_version":"6000.1.1f1","command_line_arguments":"\/Applications\/Unity\/Hub\/Editor\/6000.1.1f1\/Unity.app\/Contents\/MacOS\/Unity -projectpath \/Users\/andreamiele\/Predator-Prey-Unity-MLAgents\/Predator-Prey -useHub -hubIPC -cloudEnvironment production","communication_protocol_version":"1.5.0","com.unity.ml-agents_version":"3.0.0","scene_name":"PositionalObs-19-05-2023 1","end_time_seconds":"1746169131"}}