{"count":1,"self":243.5757568,"total":2602.883641,"children":{"InitializeActuators":{"count":3145,"self":0.042087,"total":0.042087,"children":null},"InitializeSensors":{"count":3145,"self":0.086671,"total":0.086671,"children":null},"AgentSendState":{"count":1539251,"self":118.0699648,"total":177.338835,"children":{"CollectObservations":{"count":1847106,"self":1.04131,"total":1.04131,"children":null},"WriteActionMask":{"count":1847106,"self":0.90334799999999993,"total":0.90334799999999993,"children":null},"RequestDecision":{"count":1847106,"self":10.8467664,"total":57.324206,"children":{"RayPerceptionSensor.Perceive":{"count":615702,"self":0.880648,"total":0.880648,"children":null},"AgentInfo.ToProto":{"count":1231404,"self":2.709768,"total":45.596792,"children":{"GenerateSensorData":{"count":1231404,"self":40.525376,"total":42.887024,"children":{"RayPerceptionSensor.Perceive":{"count":1231404,"self":2.361647,"total":2.361647,"children":null}}}}}}}}},"DecideAction":{"count":1539251,"self":2171.3537023999997,"total":2171.35374,"children":null},"AgentAct":{"count":1539251,"self":10.260524,"total":10.271194999999999,"children":{"RayPerceptionSensor.Perceive":{"count":121,"self":0.000185,"total":0.000185,"children":null},"AgentInfo.ToProto":{"count":242,"self":0.000592,"total":0.010485999999999999,"children":{"GenerateSensorData":{"count":242,"self":0.009399,"total":0.009894,"children":{"RayPerceptionSensor.Perceive":{"count":242,"self":0.000495,"total":0.000495,"children":null}}}}}}},"RayPerceptionSensor.Perceive":{"count":3139,"self":0.0076999999999999994,"total":0.0076999999999999994,"children":null},"AgentInfo.ToProto":{"count":6272,"self":0.016486999999999998,"total":0.205776,"children":{"GenerateSensorData":{"count":6272,"self":0.177087,"total":0.18928899999999999,"children":{"RayPerceptionSensor.Perceive":{"count":6272,"self":0.012202,"total":0.012202,"children":null}}}}}},"gauges":{"PreyBehaviour.CumulativeReward":{"count":3260,"max":1.00005352,"min":-1,"runningAverage":-0.8685679,"value":-0.972600043,"weightedAverage":-0.9760015},"PredatorBehaviour2.CumulativeReward":{"count":3257,"max":0.982600033,"min":-1.00005352,"runningAverage":0.4398318,"value":0.972600043,"weightedAverage":0.66138},"PredatorBehaviour1.CumulativeReward":{"count":3257,"max":0.982600033,"min":-1.00005352,"runningAverage":0.5221156,"value":0.972600043,"weightedAverage":0.705848336}},"metadata":{"timer_format_version":"0.1.0","start_time_seconds":"1746561724","unity_version":"6000.1.1f1","command_line_arguments":"\/Users\/andreamiele\/marl-ssd-3d\/Predator-Prey\/builds\/train_scene.app\/Contents\/MacOS\/Predator-Prey -nographics -batchmode --mlagents-port 5005 -logFile \/Users\/andreamiele\/marl-ssd-3d\/Predator-Prey\/results\/test_training\/run_logs\/Player-0.log","communication_protocol_version":"1.5.0","com.unity.ml-agents_version":"3.0.0","scene_name":"train_new","end_time_seconds":"1746564327"}}