{"count":1,"self":121.05841919999999,"total":1281.363179,"children":{"InitializeActuators":{"count":2176,"self":0.026657999999999998,"total":0.026657999999999998,"children":null},"InitializeSensors":{"count":2176,"self":0.057516,"total":0.057516,"children":null},"AgentSendState":{"count":716101,"self":65.5746048,"total":94.188622999999993,"children":{"CollectObservations":{"count":859326,"self":0.500267,"total":0.500267,"children":null},"WriteActionMask":{"count":859326,"self":0.430629,"total":0.430629,"children":null},"RequestDecision":{"count":859326,"self":4.6679448,"total":27.683118999999998,"children":{"RayPerceptionSensor.Perceive":{"count":286442,"self":0.400342,"total":0.400342,"children":null},"AgentInfo.ToProto":{"count":572884,"self":1.356149,"total":22.614832,"children":{"GenerateSensorData":{"count":572884,"self":20.309303999999997,"total":21.258682999999998,"children":{"RayPerceptionSensor.Perceive":{"count":572884,"self":0.949379,"total":0.949379,"children":null}}}}}}}}},"DecideAction":{"count":716101,"self":1060.9330175999999,"total":1060.933032,"children":null},"AgentAct":{"count":716101,"self":4.939416,"total":4.943624,"children":{"AgentInfo.ToProto":{"count":84,"self":0.00026,"total":0.004151,"children":{"GenerateSensorData":{"count":84,"self":0.003738,"total":0.003891,"children":{"RayPerceptionSensor.Perceive":{"count":84,"self":0.000153,"total":0.000153,"children":null}}}}},"RayPerceptionSensor.Perceive":{"count":42,"self":5.6999999999999996E-05,"total":5.6999999999999996E-05,"children":null}}},"RayPerceptionSensor.Perceive":{"count":2170,"self":0.005298,"total":0.005298,"children":null},"AgentInfo.ToProto":{"count":4330,"self":0.01164,"total":0.148207,"children":{"GenerateSensorData":{"count":4330,"self":0.12947999999999998,"total":0.136567,"children":{"RayPerceptionSensor.Perceive":{"count":4330,"self":0.0070869999999999995,"total":0.0070869999999999995,"children":null}}}}}},"gauges":{"PreyBehaviour.CumulativeReward":{"count":2212,"max":1.00005352,"min":-1,"runningAverage":-0.916284144,"value":-0.9872,"weightedAverage":-0.9762776},"PredatorBehaviour1.CumulativeReward":{"count":2207,"max":0.9931,"min":-1.00005352,"runningAverage":0.477489948,"value":0.9872,"weightedAverage":0.701720953},"PredatorBehaviour2.CumulativeReward":{"count":2207,"max":0.9931,"min":-1.00005352,"runningAverage":0.6188587,"value":-0.0127999857,"weightedAverage":0.6967793}},"metadata":{"timer_format_version":"0.1.0","start_time_seconds":"1746560355","unity_version":"6000.1.1f1","command_line_arguments":"\/Users\/andreamiele\/marl-ssd-3d\/Predator-Prey\/builds\/train_scene.app\/Contents\/MacOS\/Predator-Prey -nographics -batchmode --mlagents-port 5005 -logFile \/Users\/andreamiele\/marl-ssd-3d\/Predator-Prey\/results\/test_training\/run_logs\/Player-0.log","communication_protocol_version":"1.5.0","com.unity.ml-agents_version":"3.0.0","scene_name":"train_new","end_time_seconds":"1746561636"}}