{"count":1,"self":15.377735999999999,"total":15.767375999999999,"children":{"InitializeActuators":{"count":6,"self":0.00089299999999999991,"total":0.00089299999999999991,"children":null},"InitializeSensors":{"count":6,"self":0.0018239999999999999,"total":0.0018239999999999999,"children":null},"AgentSendState":{"count":748,"self":0.046868,"total":0.369662,"children":{"CollectObservations":{"count":900,"self":0.000553,"total":0.000553,"children":null},"WriteActionMask":{"count":900,"self":0.00068399999999999993,"total":0.00068399999999999993,"children":null},"RequestDecision":{"count":900,"self":0.319743,"total":0.321557,"children":{"RayPerceptionSensor.Perceive":{"count":900,"self":0.0018139999999999999,"total":0.0018139999999999999,"children":null}}}}},"DecideAction":{"count":748,"self":0.005698,"total":0.005698,"children":null},"AgentAct":{"count":748,"self":0.011309999999999999,"total":0.011309999999999999,"children":null}},"gauges":{},"metadata":{"timer_format_version":"0.1.0","start_time_seconds":"1746540896","unity_version":"6000.1.1f1","command_line_arguments":"\/Applications\/Unity\/Hub\/Editor\/6000.1.1f1\/Unity.app\/Contents\/MacOS\/Unity -projectpath \/Users\/andreamiele\/Predator-Prey-Unity-MLAgents\/Predator-Prey -useHub -hubIPC -cloudEnvironment production","communication_protocol_version":"1.5.0","com.unity.ml-agents_version":"3.0.0","scene_name":"PositionalObs-19-05-2023 1","end_time_seconds":"1746540912"}}