{"count":1,"self":163.1979264,"total":1292.1823359999999,"children":{"InitializeActuators":{"count":419,"self":0.0075639999999999995,"total":0.0075639999999999995,"children":null},"InitializeSensors":{"count":419,"self":0.006487,"total":0.006487,"children":null},"AgentSendState":{"count":1013068,"self":68.51794559999999,"total":80.509619,"children":{"CollectObservations":{"count":1215684,"self":0.729185,"total":0.729185,"children":null},"WriteActionMask":{"count":1215684,"self":0.571639,"total":0.571639,"children":null},"RequestDecision":{"count":1215684,"self":1.667883,"total":10.690847999999999,"children":{"RayPerceptionSensor.Perceive":{"count":405228,"self":0.55873,"total":0.55873,"children":null},"AgentInfo.ToProto":{"count":810456,"self":1.67135,"total":8.464235,"children":{"GenerateSensorData":{"count":810456,"self":5.4628368,"total":6.792885,"children":{"RayPerceptionSensor.Perceive":{"count":810456,"self":1.330048,"total":1.330048,"children":null}}}}}}}}},"DecideAction":{"count":1013068,"self":1041.8589696,"total":1041.859012,"children":null},"AgentAct":{"count":1013068,"self":6.5886939999999994,"total":6.591415,"children":{"RayPerceptionSensor.Perceive":{"count":131,"self":0.000194,"total":0.000194,"children":null},"AgentInfo.ToProto":{"count":262,"self":0.00059099999999999995,"total":0.0025269999999999997,"children":{"GenerateSensorData":{"count":262,"self":0.001491,"total":0.001936,"children":{"RayPerceptionSensor.Perceive":{"count":262,"self":0.000445,"total":0.000445,"children":null}}}}}}},"RayPerceptionSensor.Perceive":{"count":413,"self":0.000932,"total":0.000932,"children":null},"AgentInfo.ToProto":{"count":822,"self":0.0024319999999999997,"total":0.008472,"children":{"GenerateSensorData":{"count":822,"self":0.004628,"total":0.0060399999999999994,"children":{"RayPerceptionSensor.Perceive":{"count":822,"self":0.0014119999999999998,"total":0.0014119999999999998,"children":null}}}}}},"gauges":{"PreyBehaviour.CumulativeReward":{"count":544,"max":1.00005352,"min":-1.6999,"runningAverage":-0.4385063,"value":-1.57349849,"weightedAverage":-1.31404674},"PredatorBehaviour2.CumulativeReward":{"count":542,"max":2.64069033,"min":-1.00005352,"runningAverage":0.176286533,"value":1.57349849,"weightedAverage":1.19276822},"PredatorBehaviour1.CumulativeReward":{"count":542,"max":1.6953001,"min":-1.00005352,"runningAverage":0.0139250122,"value":1.57349849,"weightedAverage":1.02999544}},"metadata":{"timer_format_version":"0.1.0","start_time_seconds":"1746618246","unity_version":"6000.1.1f1","command_line_arguments":"\/Users\/andreamiele\/marl-ssd-3d\/Predator-Prey\/builds\/t.app\/Contents\/MacOS\/Predator-Prey -nographics -batchmode --mlagents-port 5005 -logFile \/Users\/andreamiele\/marl-ssd-3d\/Predator-Prey\/results\/training_rad_12_tr_5\/run_logs\/Player-0.log","communication_protocol_version":"1.5.0","com.unity.ml-agents_version":"3.0.0","scene_name":"train_new","end_time_seconds":"1746619538"}}